{
  "baseline": {
    "duration": 0.1543445587158203,
    "total_time_measured": 0.23217990004923195,
    "exit_code": 0
  },
  "optimized": {
    "duration": 2.146616500103846,
    "total_time_measured": 2.3827951001003385,
    "metrics": {
      "summary": {
        "duration_sec": 2.146616500103846,
        "total_enqueued": 100,
        "total_dequeued": 100,
        "success_count": 100,
        "fail_count": 0,
        "retry_count": 0,
        "reject_count": 0,
        "success_rate": 1.0,
        "throughput_per_sec": 46.58493959920756
      },
      "latency": {
        "mean_ms": 581.5450749942102,
        "p95_ms": 1094.0456000389531,
        "min_ms": 35.9098999761045,
        "max_ms": 1130.808399990201
      },
      "error_breakdown": {},
      "config": {
        "max_workers": 4,
        "queue_size": 100,
        "processor_config": {}
      }
    },
    "exit_code": 0
  },
  "comparison": {
    "baseline_duration_sec": 0.1543445587158203,
    "optimized_duration_sec": 2.146616500103846,
    "speedup_factor": 0.07190131945242834,
    "improvement_percent": -1290.7950613641024,
    "target_speedup": 2.0,
    "target_met": false,
    "optimized_metrics": {
      "throughput_per_sec": 46.58493959920756,
      "success_rate": 1.0,
      "mean_latency_ms": 581.5450749942102,
      "p95_latency_ms": 1094.0456000389531,
      "retry_count": 0,
      "reject_count": 0
    }
  }
}